{
    "v": "5.4.2",
    "fr": 24,
    "ip": 0,
    "op": 72,
    "w": 3000,
    "h": 3000,
    "nm": "shoes",
    "ddd": 0,
    "assets": [
      
    ],
    "layers": [
      {
        "ddd": 0,
        "ind": 1,
        "ty": 4,
        "nm": "yellow lace Outlines",
        "sr": 1,
        "ks": {
          "o": {
            "a": 0,
            "k": 100,
            "ix": 11
          },
          "r": {
            "a": 0,
            "k": 0,
            "ix": 10
          },
          "p": {
            "a": 1,
            "k": [
              {
                "i": {
                  "x": 0,
                  "y": 1
                },
                "o": {
                  "x": 0.451,
                  "y": 0
                },
                "n": "0_1_0p451_0",
                "t": 0,
                "s": [
                  2076.878,
                  1277.667,
                  0
                ],
                "e": [
                  1616.878,
                  1277.667,
                  0
                ],
                "to": [
                  -76.6666641235352,
                  0,
                  0
                ],
                "ti": [
                  0,
                  0,
                  0
                ]
              },
              {
                "i": {
                  "x": 0,
                  "y": 0.998
                },
                "o": {
                  "x": 0.333,
                  "y": 0
                },
                "n": "0_0p998_0p333_0",
                "t": 48,
                "s": [
                  1616.8779999999997,
                  1277.667,
                  0
                ],
                "e": [
                  2076.878,
                  1277.667,
                  0
                ],
                "to": [
                  0,
                  0,
                  0
                ],
                "ti": [
                  -76.6666641235352,
                  0,
                  0
                ]
              },
              {
                "t": 72
              }
            ],
            "ix": 2,
            "x": "var $bm_rt;\n$bm_rt = loopOut();"
          },
          "a": {
            "a": 0,
            "k": [
              314.039,
              520.25,
              0
            ],
            "ix": 1
          },
          "s": {
            "a": 0,
            "k": [
              100,
              100,
              100
            ],
            "ix": 6
          }
        },
        "ao": 0,
        "shapes": [
          {
            "ty": "gr",
            "it": [
              {
                "ind": 0,
                "ty": "sh",
                "ix": 1,
                "ks": {
                  "a": 0,
                  "k": {
                    "i": [
                      [
                        0,
                        0
                      ],
                      [
                        -46.498,
                        -91.495
                      ],
                      [
                        -3,
                        -20.999
                      ],
                      [
                        0,
                        0
                      ],
                      [
                        -82.496,
                        -22.499
                      ],
                      [
                        -73.496,
                        -3
                      ],
                      [
                        -22.498,
                        -4.5
                      ],
                      [
                        -82.001,
                        -13.333
                      ],
                      [
                        -66,
                        -22
                      ],
                      [
                        -59.333,
                        -4.666
                      ],
                      [
                        -88.667,
                        3.333
                      ],
                      [
                        -106.666,
                        52.666
                      ],
                      [
                        24,
                        -52.667
                      ],
                      [
                        -96.667,
                        16.667
                      ],
                      [
                        6,
                        30.666
                      ],
                      [
                        18.667,
                        7.333
                      ],
                      [
                        75.333,
                        26
                      ],
                      [
                        82.666,
                        56.667
                      ],
                      [
                        62.667,
                        54
                      ],
                      [
                        51.333,
                        30.667
                      ],
                      [
                        68,
                        29.334
                      ],
                      [
                        52,
                        29.333
                      ],
                      [
                        54,
                        21.334
                      ],
                      [
                        32.667,
                        39.333
                      ],
                      [
                        5.334,
                        5.334
                      ],
                      [
                        188,
                        33.333
                      ]
                    ],
                    "o": [
                      [
                        0,
                        0
                      ],
                      [
                        25.913,
                        62.89
                      ],
                      [
                        3,
                        20.999
                      ],
                      [
                        0,
                        0
                      ],
                      [
                        -25.499,
                        20.999
                      ],
                      [
                        -11.999,
                        49.497
                      ],
                      [
                        -24.578,
                        21.741
                      ],
                      [
                        -28,
                        42
                      ],
                      [
                        -31.333,
                        34
                      ],
                      [
                        -10.666,
                        42.667
                      ],
                      [
                        -41.334,
                        15.333
                      ],
                      [
                        0,
                        0
                      ],
                      [
                        -4,
                        12
                      ],
                      [
                        96.666,
                        -16.667
                      ],
                      [
                        -16.667,
                        -26
                      ],
                      [
                        16.667,
                        -8
                      ],
                      [
                        8.666,
                        -11.334
                      ],
                      [
                        12.666,
                        -4
                      ],
                      [
                        -1.333,
                        -26
                      ],
                      [
                        10.666,
                        -8
                      ],
                      [
                        13.333,
                        -13.333
                      ],
                      [
                        7.333,
                        -6
                      ],
                      [
                        14,
                        -11.333
                      ],
                      [
                        2.145,
                        -7.908
                      ],
                      [
                        0,
                        0
                      ],
                      [
                        -131.334,
                        -8.667
                      ]
                    ],
                    "v": [
                      [
                        -192.295,
                        -469.05
                      ],
                      [
                        -267.291,
                        -322.057
                      ],
                      [
                        -192.295,
                        -233.562
                      ],
                      [
                        -223.793,
                        -203.563
                      ],
                      [
                        -169.796,
                        -121.067
                      ],
                      [
                        -130.798,
                        -59.57
                      ],
                      [
                        -96.3,
                        16.926
                      ],
                      [
                        -62.211,
                        91.333
                      ],
                      [
                        -24.878,
                        188.667
                      ],
                      [
                        0.455,
                        254.666
                      ],
                      [
                        65.789,
                        357.333
                      ],
                      [
                        122.455,
                        420
                      ],
                      [
                        122.455,
                        464
                      ],
                      [
                        197.789,
                        503.333
                      ],
                      [
                        307.789,
                        438
                      ],
                      [
                        267.122,
                        406
                      ],
                      [
                        237.789,
                        340
                      ],
                      [
                        189.789,
                        233.333
                      ],
                      [
                        166.455,
                        164
                      ],
                      [
                        115.789,
                        71.333
                      ],
                      [
                        93.789,
                        3.333
                      ],
                      [
                        79.789,
                        -79.333
                      ],
                      [
                        55.789,
                        -140.667
                      ],
                      [
                        71.122,
                        -220
                      ],
                      [
                        74.455,
                        -246.667
                      ],
                      [
                        11.122,
                        -511.333
                      ]
                    ],
                    "c": true
                  },
                  "ix": 2
                },
                "nm": "Path 1",
                "mn": "ADBE Vector Shape - Group",
                "hd": false
              },
              {
                "ty": "fl",
                "c": {
                  "a": 0,
                  "k": [
                    0.2196078431372549,
                    0.2196078431372549,
                    0.2196078431372549,
                    1
                  ],
                  "ix": 4
                },
                "o": {
                  "a": 0,
                  "k": 100,
                  "ix": 5
                },
                "r": 1,
                "nm": "Fill 1",
                "mn": "ADBE Vector Graphic - Fill",
                "hd": false
              },
              {
                "ty": "tr",
                "p": {
                  "a": 0,
                  "k": [
                    314.039,
                    520.25
                  ],
                  "ix": 2
                },
                "a": {
                  "a": 0,
                  "k": [
                    0,
                    0
                  ],
                  "ix": 1
                },
                "s": {
                  "a": 0,
                  "k": [
                    100,
                    100
                  ],
                  "ix": 3
                },
                "r": {
                  "a": 0,
                  "k": 0,
                  "ix": 6
                },
                "o": {
                  "a": 0,
                  "k": 100,
                  "ix": 7
                },
                "sk": {
                  "a": 0,
                  "k": 0,
                  "ix": 4
                },
                "sa": {
                  "a": 0,
                  "k": 0,
                  "ix": 5
                },
                "nm": "Transform"
              }
            ],
            "nm": "Group 1",
            "np": 4,
            "cix": 2,
            "ix": 1,
            "mn": "ADBE Vector Group",
            "hd": false
          }
        ],
        "ip": 0,
        "op": 240,
        "st": 0,
        "bm": 0
      },
      {
        "ddd": 0,
        "ind": 3,
        "ty": 4,
        "nm": "innershoeslider Outlines",
        "sr": 1,
        "ks": {
          "o": {
            "a": 0,
            "k": 100,
            "ix": 11
          },
          "r": {
            "a": 0,
            "k": 0,
            "ix": 10
          },
          "p": {
            "a": 0,
            "k": [
              1163.307,
              763.927,
              0
            ],
            "ix": 2
          },
          "a": {
            "a": 0,
            "k": [
              208.323,
              216.635,
              0
            ],
            "ix": 1
          },
          "s": {
            "a": 1,
            "k": [
              {
                "i": {
                  "x": [
                    0,
                    0,
                    0.667
                  ],
                  "y": [
                    1,
                    1,
                    1
                  ]
                },
                "o": {
                  "x": [
                    0.333,
                    0.333,
                    0.333
                  ],
                  "y": [
                    -0.029,
                    -0.029,
                    0
                  ]
                },
                "n": [
                  "0_1_0p333_-0p029",
                  "0_1_0p333_-0p029",
                  "0p667_1_0p333_0"
                ],
                "t": 0,
                "s": [
                  54,
                  54,
                  100
                ],
                "e": [
                  100,
                  100,
                  100
                ]
              },
              {
                "i": {
                  "x": [
                    0,
                    0,
                    0.667
                  ],
                  "y": [
                    0.978,
                    0.978,
                    1
                  ]
                },
                "o": {
                  "x": [
                    0.333,
                    0.333,
                    0.333
                  ],
                  "y": [
                    0,
                    0,
                    0
                  ]
                },
                "n": [
                  "0_0p978_0p333_0",
                  "0_0p978_0p333_0",
                  "0p667_1_0p333_0"
                ],
                "t": 48,
                "s": [
                  100,
                  100,
                  100
                ],
                "e": [
                  54,
                  54,
                  100
                ]
              },
              {
                "t": 72
              }
            ],
            "ix": 6,
            "x": "var $bm_rt;\n$bm_rt = loopOut();"
          }
        },
        "ao": 0,
        "shapes": [
          {
            "ty": "gr",
            "it": [
              {
                "ind": 0,
                "ty": "sh",
                "ix": 1,
                "ks": {
                  "a": 0,
                  "k": {
                    "i": [
                      [
                        -20.889,
                        -15.688
                      ],
                      [
                        -58.38,
                        59.953
                      ],
                      [
                        106,
                        158
                      ],
                      [
                        -224,
                        -78
                      ]
                    ],
                    "o": [
                      [
                        -15.19,
                        -24.703
                      ],
                      [
                        -23.581,
                        -16
                      ],
                      [
                        -146,
                        -138
                      ],
                      [
                        55,
                        21
                      ]
                    ],
                    "v": [
                      [
                        199.47,
                        216.384
                      ],
                      [
                        208.073,
                        82.119
                      ],
                      [
                        79.927,
                        -78.384
                      ],
                      [
                        15.927,
                        179.616
                      ]
                    ],
                    "c": true
                  },
                  "ix": 2
                },
                "nm": "Path 1",
                "mn": "ADBE Vector Shape - Group",
                "hd": false
              },
              {
                "ty": "fl",
                "c": {
                  "a": 0,
                  "k": [
                    0.375999989229,
                    0.067000003889,
                    0.067000003889,
                    1
                  ],
                  "ix": 4
                },
                "o": {
                  "a": 0,
                  "k": 100,
                  "ix": 5
                },
                "r": 1,
                "nm": "Fill 1",
                "mn": "ADBE Vector Graphic - Fill",
                "hd": false
              },
              {
                "ty": "tr",
                "p": {
                  "a": 0,
                  "k": [
                    208.323,
                    216.635
                  ],
                  "ix": 2
                },
                "a": {
                  "a": 0,
                  "k": [
                    0,
                    0
                  ],
                  "ix": 1
                },
                "s": {
                  "a": 0,
                  "k": [
                    100,
                    100
                  ],
                  "ix": 3
                },
                "r": {
                  "a": 0,
                  "k": 0,
                  "ix": 6
                },
                "o": {
                  "a": 0,
                  "k": 100,
                  "ix": 7
                },
                "sk": {
                  "a": 0,
                  "k": 0,
                  "ix": 4
                },
                "sa": {
                  "a": 0,
                  "k": 0,
                  "ix": 5
                },
                "nm": "Transform"
              }
            ],
            "nm": "Group 1",
            "np": 4,
            "cix": 2,
            "ix": 1,
            "mn": "ADBE Vector Group",
            "hd": false
          }
        ],
        "ip": 0,
        "op": 240,
        "st": 0,
        "bm": 0
      },
      {
        "ddd": 0,
        "ind": 5,
        "ty": 4,
        "nm": "outer shoe slider Outlines",
        "sr": 1,
        "ks": {
          "o": {
            "a": 0,
            "k": 100,
            "ix": 11
          },
          "r": {
            "a": 0,
            "k": 0,
            "ix": 10
          },
          "p": {
            "a": 0,
            "k": [
              1161.554,
              868.4599999999999,
              0
            ],
            "ix": 2
          },
          "a": {
            "a": 0,
            "k": [
              256.935,
              316.711,
              0
            ],
            "ix": 1
          },
          "s": {
            "a": 1,
            "k": [
              {
                "i": {
                  "x": [
                    0,
                    0,
                    0.667
                  ],
                  "y": [
                    0.952,
                    0.952,
                    1
                  ]
                },
                "o": {
                  "x": [
                    0.333,
                    0.333,
                    0.333
                  ],
                  "y": [
                    -0.032,
                    -0.032,
                    0
                  ]
                },
                "n": [
                  "0_0p952_0p333_-0p032",
                  "0_0p952_0p333_-0p032",
                  "0p667_1_0p333_0"
                ],
                "t": 0,
                "s": [
                  57.99999999999999,
                  57.99999999999999,
                  100
                ],
                "e": [
                  100,
                  100,
                  100
                ]
              },
              {
                "i": {
                  "x": [
                    0,
                    0,
                    0.667
                  ],
                  "y": [
                    0.976,
                    0.976,
                    1
                  ]
                },
                "o": {
                  "x": [
                    0.333,
                    0.333,
                    0.333
                  ],
                  "y": [
                    0,
                    0,
                    0
                  ]
                },
                "n": [
                  "0_0p976_0p333_0",
                  "0_0p976_0p333_0",
                  "0p667_1_0p333_0"
                ],
                "t": 48,
                "s": [
                  100,
                  100,
                  100
                ],
                "e": [
                  57.99999999999999,
                  57.99999999999999,
                  100
                ]
              },
              {
                "t": 72
              }
            ],
            "ix": 6,
            "x": "var $bm_rt;\n$bm_rt = loopOut();"
          }
        },
        "ao": 0,
        "shapes": [
          {
            "ty": "gr",
            "it": [
              {
                "ind": 0,
                "ty": "sh",
                "ix": 1,
                "ks": {
                  "a": 0,
                  "k": {
                    "i": [
                      [
                        -73.98,
                        -44.32
                      ],
                      [
                        -41.559,
                        -81.78
                      ],
                      [
                        0,
                        0
                      ],
                      [
                        -44,
                        22
                      ],
                      [
                        -22,
                        -6
                      ],
                      [
                        -24.41,
                        4.82
                      ],
                      [
                        -25,
                        -23.75
                      ]
                    ],
                    "o": [
                      [
                        -20.15,
                        10.34
                      ],
                      [
                        -466.42,
                        202.61
                      ],
                      [
                        14,
                        -76
                      ],
                      [
                        44,
                        -22
                      ],
                      [
                        22,
                        6
                      ],
                      [
                        54,
                        -6
                      ],
                      [
                        44.48,
                        17.79
                      ]
                    ],
                    "v": [
                      [
                        256.685,
                        -57.981
                      ],
                      [
                        212.464,
                        113.852
                      ],
                      [
                        -256.685,
                        -162.461
                      ],
                      [
                        -160.685,
                        -294.461
                      ],
                      [
                        -30.685,
                        -288.461
                      ],
                      [
                        17.315,
                        -304.461
                      ],
                      [
                        112.315,
                        -282.461
                      ]
                    ],
                    "c": true
                  },
                  "ix": 2
                },
                "nm": "Path 1",
                "mn": "ADBE Vector Shape - Group",
                "hd": false
              },
              {
                "ty": "fl",
                "c": {
                  "a": 0,
                  "k": [
                    0.626999978458,
                    0.141000007181,
                    0.141000007181,
                    1
                  ],
                  "ix": 4
                },
                "o": {
                  "a": 0,
                  "k": 100,
                  "ix": 5
                },
                "r": 1,
                "nm": "Fill 1",
                "mn": "ADBE Vector Graphic - Fill",
                "hd": false
              },
              {
                "ty": "tr",
                "p": {
                  "a": 0,
                  "k": [
                    256.935,
                    316.711
                  ],
                  "ix": 2
                },
                "a": {
                  "a": 0,
                  "k": [
                    0,
                    0
                  ],
                  "ix": 1
                },
                "s": {
                  "a": 0,
                  "k": [
                    100,
                    100
                  ],
                  "ix": 3
                },
                "r": {
                  "a": 0,
                  "k": 0,
                  "ix": 6
                },
                "o": {
                  "a": 0,
                  "k": 100,
                  "ix": 7
                },
                "sk": {
                  "a": 0,
                  "k": 0,
                  "ix": 4
                },
                "sa": {
                  "a": 0,
                  "k": 0,
                  "ix": 5
                },
                "nm": "Transform"
              }
            ],
            "nm": "Group 1",
            "np": 4,
            "cix": 2,
            "ix": 1,
            "mn": "ADBE Vector Group",
            "hd": false
          }
        ],
        "ip": 0,
        "op": 240,
        "st": 0,
        "bm": 0
      },
      {
        "ddd": 0,
        "ind": 7,
        "ty": 4,
        "nm": "blue Outlines",
        "sr": 1,
        "ks": {
          "o": {
            "a": 0,
            "k": 100,
            "ix": 11
          },
          "r": {
            "a": 0,
            "k": 0,
            "ix": 10
          },
          "p": {
            "a": 1,
            "k": [
              {
                "i": {
                  "x": 0,
                  "y": 1
                },
                "o": {
                  "x": 0.333,
                  "y": 0
                },
                "n": "0_1_0p333_0",
                "t": 0,
                "s": [
                  1827.8779999999997,
                  1277.667,
                  0
                ],
                "e": [
                  1616.878,
                  1277.667,
                  0
                ],
                "to": [
                  -35.1666679382324,
                  0,
                  0
                ],
                "ti": [
                  0,
                  0,
                  0
                ]
              },
              {
                "i": {
                  "x": 0,
                  "y": 1
                },
                "o": {
                  "x": 0.333,
                  "y": 0
                },
                "n": "0_1_0p333_0",
                "t": 48,
                "s": [
                  1616.8779999999997,
                  1277.667,
                  0
                ],
                "e": [
                  1827.878,
                  1277.667,
                  0
                ],
                "to": [
                  0,
                  0,
                  0
                ],
                "ti": [
                  -35.1666679382324,
                  0,
                  0
                ]
              },
              {
                "t": 72
              }
            ],
            "ix": 2,
            "x": "var $bm_rt;\n$bm_rt = loopOut();"
          },
          "a": {
            "a": 0,
            "k": [
              370.685,
              549.175,
              0
            ],
            "ix": 1
          },
          "s": {
            "a": 0,
            "k": [
              100,
              100,
              100
            ],
            "ix": 6
          }
        },
        "ao": 0,
        "shapes": [
          {
            "ty": "gr",
            "it": [
              {
                "ind": 0,
                "ty": "sh",
                "ix": 1,
                "ks": {
                  "a": 0,
                  "k": {
                    "i": [
                      [
                        105,
                        -23
                      ],
                      [
                        0,
                        0
                      ],
                      [
                        16,
                        68
                      ],
                      [
                        -11,
                        2
                      ],
                      [
                        53,
                        -9
                      ],
                      [
                        -16,
                        2
                      ],
                      [
                        12,
                        7.6
                      ],
                      [
                        11,
                        25
                      ],
                      [
                        -14,
                        7
                      ],
                      [
                        0,
                        0
                      ],
                      [
                        31,
                        -15
                      ],
                      [
                        -16,
                        41
                      ],
                      [
                        11,
                        34
                      ],
                      [
                        40,
                        -10
                      ],
                      [
                        -31,
                        -7
                      ],
                      [
                        0,
                        0
                      ],
                      [
                        0,
                        0
                      ],
                      [
                        0,
                        0
                      ],
                      [
                        0,
                        0
                      ],
                      [
                        -42.976,
                        19.489
                      ],
                      [
                        0,
                        0
                      ],
                      [
                        -9.309,
                        4.85
                      ],
                      [
                        -0.079,
                        0.04
                      ],
                      [
                        -2.58,
                        1.19
                      ],
                      [
                        -0.4,
                        0.19
                      ],
                      [
                        -0.17,
                        0.09
                      ],
                      [
                        -0.32,
                        0.14
                      ],
                      [
                        -57.841,
                        3.43
                      ],
                      [
                        0,
                        0
                      ],
                      [
                        -5.481,
                        -0.78
                      ],
                      [
                        -10.331,
                        -0.68
                      ],
                      [
                        -12.849,
                        -31.84
                      ],
                      [
                        -0.221,
                        -0.33
                      ],
                      [
                        -0.279,
                        -1.03
                      ],
                      [
                        0,
                        0
                      ],
                      [
                        2.139,
                        -7.91
                      ],
                      [
                        12.021,
                        -14.78
                      ],
                      [
                        -17.96,
                        -13.97
                      ],
                      [
                        -38,
                        -128
                      ],
                      [
                        -10,
                        -55.56
                      ],
                      [
                        -34,
                        -44
                      ],
                      [
                        -2.329,
                        -1.5
                      ],
                      [
                        -0.71,
                        -1.619
                      ]
                    ],
                    "o": [
                      [
                        -105,
                        23
                      ],
                      [
                        0,
                        0
                      ],
                      [
                        -5,
                        -30
                      ],
                      [
                        11,
                        -2
                      ],
                      [
                        -49,
                        24
                      ],
                      [
                        41,
                        -21
                      ],
                      [
                        -50,
                        20
                      ],
                      [
                        -42,
                        -63
                      ],
                      [
                        7,
                        -21
                      ],
                      [
                        0,
                        0
                      ],
                      [
                        -31,
                        15
                      ],
                      [
                        26,
                        -29
                      ],
                      [
                        -11,
                        -34
                      ],
                      [
                        -40,
                        10
                      ],
                      [
                        54,
                        5
                      ],
                      [
                        0,
                        0
                      ],
                      [
                        0,
                        0
                      ],
                      [
                        0,
                        0
                      ],
                      [
                        14.162,
                        -16.327
                      ],
                      [
                        1.46,
                        -0.73
                      ],
                      [
                        0,
                        0
                      ],
                      [
                        0.081,
                        -0.04
                      ],
                      [
                        2.391,
                        -1.29
                      ],
                      [
                        0.39,
                        -0.179
                      ],
                      [
                        0.17,
                        -0.07
                      ],
                      [
                        0.319,
                        -0.15
                      ],
                      [
                        24.24,
                        -11.16
                      ],
                      [
                        10.199,
                        -1.22
                      ],
                      [
                        0,
                        0
                      ],
                      [
                        9.59,
                        0
                      ],
                      [
                        53.719,
                        9.52
                      ],
                      [
                        0.231,
                        0.32
                      ],
                      [
                        0.3,
                        1.03
                      ],
                      [
                        28.49,
                        79.48
                      ],
                      [
                        5.33,
                        5.34
                      ],
                      [
                        22.02,
                        26.51
                      ],
                      [
                        47.601,
                        45.89
                      ],
                      [
                        24,
                        42
                      ],
                      [
                        92,
                        128
                      ],
                      [
                        54,
                        44
                      ],
                      [
                        2.409,
                        1.521
                      ],
                      [
                        0.54,
                        2.7
                      ],
                      [
                        38,
                        86
                      ]
                    ],
                    "v": [
                      [
                        192.211,
                        521.826
                      ],
                      [
                        64.211,
                        465.826
                      ],
                      [
                        -9.789,
                        443.826
                      ],
                      [
                        -41.789,
                        353.826
                      ],
                      [
                        -62.789,
                        292.826
                      ],
                      [
                        -125.789,
                        182.826
                      ],
                      [
                        -131.789,
                        110.826
                      ],
                      [
                        -193.788,
                        82.826
                      ],
                      [
                        -168.788,
                        4.826
                      ],
                      [
                        -175.788,
                        -25.174
                      ],
                      [
                        -211.788,
                        -15.174
                      ],
                      [
                        -271.789,
                        -125.174
                      ],
                      [
                        -247.788,
                        -171.174
                      ],
                      [
                        -309.789,
                        -182.174
                      ],
                      [
                        -359.789,
                        -315.174
                      ],
                      [
                        -252.645,
                        -331.825
                      ],
                      [
                        -279.059,
                        -358.716
                      ],
                      [
                        -289.242,
                        -407.986
                      ],
                      [
                        -271.091,
                        -452.285
                      ],
                      [
                        -204.919,
                        -503.814
                      ],
                      [
                        -202.648,
                        -504.914
                      ],
                      [
                        -188.58,
                        -513.134
                      ],
                      [
                        -188.35,
                        -513.254
                      ],
                      [
                        -180.879,
                        -516.974
                      ],
                      [
                        -179.689,
                        -517.534
                      ],
                      [
                        -179.169,
                        -517.774
                      ],
                      [
                        -178.219,
                        -518.204
                      ],
                      [
                        -54.249,
                        -547.444
                      ],
                      [
                        -37.789,
                        -549.174
                      ],
                      [
                        -29.109,
                        -548.184
                      ],
                      [
                        0.771,
                        -547.194
                      ],
                      [
                        95.53,
                        -480.144
                      ],
                      [
                        96.211,
                        -479.174
                      ],
                      [
                        97.08,
                        -476.074
                      ],
                      [
                        64.101,
                        -282.534
                      ],
                      [
                        60.771,
                        -255.864
                      ],
                      [
                        62.49,
                        -192.904
                      ],
                      [
                        98.211,
                        -93.174
                      ],
                      [
                        156.211,
                        78.826
                      ],
                      [
                        262.211,
                        306.826
                      ],
                      [
                        354.211,
                        404.826
                      ],
                      [
                        361.33,
                        409.347
                      ],
                      [
                        363.211,
                        415.826
                      ]
                    ],
                    "c": true
                  },
                  "ix": 2
                },
                "nm": "Path 1",
                "mn": "ADBE Vector Shape - Group",
                "hd": false
              },
              {
                "ty": "mm",
                "mm": 1,
                "nm": "Merge Paths 1",
                "mn": "ADBE Vector Filter - Merge",
                "hd": false
              },
              {
                "ty": "fl",
                "c": {
                  "a": 0,
                  "k": [
                    0.5019607843137255,
                    0.5019607843137255,
                    0.5019607843137255,
                    1
                  ],
                  "ix": 4
                },
                "o": {
                  "a": 0,
                  "k": 100,
                  "ix": 5
                },
                "r": 1,
                "nm": "Fill 1",
                "mn": "ADBE Vector Graphic - Fill",
                "hd": false
              },
              {
                "ty": "tr",
                "p": {
                  "a": 0,
                  "k": [
                    370.685,
                    549.176
                  ],
                  "ix": 2
                },
                "a": {
                  "a": 0,
                  "k": [
                    0,
                    0
                  ],
                  "ix": 1
                },
                "s": {
                  "a": 0,
                  "k": [
                    100,
                    100
                  ],
                  "ix": 3
                },
                "r": {
                  "a": 0,
                  "k": 0,
                  "ix": 6
                },
                "o": {
                  "a": 0,
                  "k": 100,
                  "ix": 7
                },
                "sk": {
                  "a": 0,
                  "k": 0,
                  "ix": 4
                },
                "sa": {
                  "a": 0,
                  "k": 0,
                  "ix": 5
                },
                "nm": "Transform"
              }
            ],
            "nm": "Group 1",
            "np": 3,
            "cix": 2,
            "ix": 1,
            "mn": "ADBE Vector Group",
            "hd": false
          }
        ],
        "ip": 0,
        "op": 240,
        "st": 0,
        "bm": 0
      },
      {
        "ddd": 0,
        "ind": 9,
        "ty": 4,
        "nm": "sole Outlines",
        "sr": 1,
        "ks": {
          "o": {
            "a": 0,
            "k": 100,
            "ix": 11
          },
          "r": {
            "a": 0,
            "k": 0,
            "ix": 10
          },
          "p": {
            "a": 1,
            "k": [
              {
                "i": {
                  "x": 0,
                  "y": 1
                },
                "o": {
                  "x": 0.333,
                  "y": 0
                },
                "n": "0_1_0p333_0",
                "t": 0,
                "s": [
                  1174.115,
                  2073.29,
                  0
                ],
                "e": [
                  1494.115,
                  1693.29,
                  0
                ],
                "to": [
                  53.3333320617676,
                  -63.3333320617676,
                  0
                ],
                "ti": [
                  0,
                  0,
                  0
                ]
              },
              {
                "i": {
                  "x": 0,
                  "y": 1
                },
                "o": {
                  "x": 0.333,
                  "y": 0
                },
                "n": "0_1_0p333_0",
                "t": 48,
                "s": [
                  1494.115,
                  1693.29,
                  0
                ],
                "e": [
                  1174.115,
                  2073.29,
                  0
                ],
                "to": [
                  0,
                  0,
                  0
                ],
                "ti": [
                  53.3333320617676,
                  -63.3333320617676,
                  0
                ]
              },
              {
                "t": 72
              }
            ],
            "ix": 2,
            "x": "var $bm_rt;\n$bm_rt = loopOut();"
          },
          "a": {
            "a": 0,
            "k": [
              979.925,
              759.96,
              0
            ],
            "ix": 1
          },
          "s": {
            "a": 0,
            "k": [
              100,
              100,
              100
            ],
            "ix": 6
          }
        },
        "ao": 0,
        "shapes": [
          {
            "ty": "gr",
            "it": [
              {
                "ind": 0,
                "ty": "sh",
                "ix": 1,
                "ks": {
                  "a": 0,
                  "k": {
                    "i": [
                      [
                        104.471,
                        -108.2
                      ],
                      [
                        36,
                        4.239
                      ],
                      [
                        36,
                        37.52
                      ],
                      [
                        56,
                        50
                      ],
                      [
                        0,
                        0
                      ],
                      [
                        26,
                        0.09
                      ],
                      [
                        18,
                        90
                      ],
                      [
                        0,
                        68
                      ],
                      [
                        36,
                        66
                      ],
                      [
                        106,
                        22
                      ],
                      [
                        0,
                        0
                      ],
                      [
                        22,
                        14
                      ],
                      [
                        22,
                        14
                      ],
                      [
                        18,
                        40
                      ],
                      [
                        10,
                        18
                      ],
                      [
                        -170,
                        228
                      ],
                      [
                        -3.019,
                        10.31
                      ],
                      [
                        0,
                        0
                      ],
                      [
                        -72.01,
                        -117.01
                      ],
                      [
                        -39,
                        -75.01
                      ],
                      [
                        -42,
                        -168.02
                      ],
                      [
                        -105.01,
                        -6
                      ],
                      [
                        -141.01,
                        15
                      ],
                      [
                        -60.01,
                        60.01
                      ],
                      [
                        -77.301,
                        -8.899
                      ]
                    ],
                    "o": [
                      [
                        -148,
                        82
                      ],
                      [
                        -24,
                        8.441
                      ],
                      [
                        -18,
                        58
                      ],
                      [
                        -144,
                        36
                      ],
                      [
                        0,
                        0
                      ],
                      [
                        -86,
                        2
                      ],
                      [
                        -62,
                        0
                      ],
                      [
                        -66,
                        -24
                      ],
                      [
                        -36,
                        -66
                      ],
                      [
                        -106,
                        -22
                      ],
                      [
                        0,
                        0
                      ],
                      [
                        -54,
                        -12
                      ],
                      [
                        -42,
                        -88
                      ],
                      [
                        -22,
                        -26
                      ],
                      [
                        -22,
                        -106
                      ],
                      [
                        2.311,
                        -12
                      ],
                      [
                        0,
                        0
                      ],
                      [
                        0,
                        0
                      ],
                      [
                        72.01,
                        117.01
                      ],
                      [
                        39,
                        75.01
                      ],
                      [
                        42,
                        168.02
                      ],
                      [
                        120.019,
                        27.01
                      ],
                      [
                        144.019,
                        -33.01
                      ],
                      [
                        59.58,
                        -59.589
                      ],
                      [
                        27.72,
                        52.29
                      ]
                    ],
                    "v": [
                      [
                        800.325,
                        671.71
                      ],
                      [
                        528.325,
                        732.16
                      ],
                      [
                        440.325,
                        701.71
                      ],
                      [
                        202.325,
                        675.71
                      ],
                      [
                        20.325,
                        665.71
                      ],
                      [
                        -57.675,
                        607.71
                      ],
                      [
                        -253.675,
                        487.71
                      ],
                      [
                        -357.675,
                        333.71
                      ],
                      [
                        -449.675,
                        233.71
                      ],
                      [
                        -547.675,
                        -90.29
                      ],
                      [
                        -681.675,
                        -138.29
                      ],
                      [
                        -727.675,
                        -196.29
                      ],
                      [
                        -803.675,
                        -228.29
                      ],
                      [
                        -849.675,
                        -326.29
                      ],
                      [
                        -911.675,
                        -398.29
                      ],
                      [
                        -809.675,
                        -726.29
                      ],
                      [
                        -801.645,
                        -759.71
                      ],
                      [
                        -801.594,
                        -728.51
                      ],
                      [
                        -741.585,
                        -416.48
                      ],
                      [
                        -435.555,
                        -128.45
                      ],
                      [
                        -237.534,
                        273.59
                      ],
                      [
                        206.506,
                        600.62
                      ],
                      [
                        575.545,
                        633.63
                      ],
                      [
                        749.565,
                        465.61
                      ],
                      [
                        951.955,
                        420.42
                      ]
                    ],
                    "c": true
                  },
                  "ix": 2
                },
                "nm": "Path 1",
                "mn": "ADBE Vector Shape - Group",
                "hd": false
              },
              {
                "ty": "fl",
                "c": {
                  "a": 0,
                  "k": [
                    0.9882352941176471,
                    0.8235294117647058,
                    0.5568627450980392,
                    1
                  ],
                  "ix": 4
                },
                "o": {
                  "a": 0,
                  "k": 100,
                  "ix": 5
                },
                "r": 1,
                "nm": "Fill 1",
                "mn": "ADBE Vector Graphic - Fill",
                "hd": false
              },
              {
                "ty": "tr",
                "p": {
                  "a": 0,
                  "k": [
                    979.925,
                    759.96
                  ],
                  "ix": 2
                },
                "a": {
                  "a": 0,
                  "k": [
                    0,
                    0
                  ],
                  "ix": 1
                },
                "s": {
                  "a": 0,
                  "k": [
                    100,
                    100
                  ],
                  "ix": 3
                },
                "r": {
                  "a": 0,
                  "k": 0,
                  "ix": 6
                },
                "o": {
                  "a": 0,
                  "k": 100,
                  "ix": 7
                },
                "sk": {
                  "a": 0,
                  "k": 0,
                  "ix": 4
                },
                "sa": {
                  "a": 0,
                  "k": 0,
                  "ix": 5
                },
                "nm": "Transform"
              }
            ],
            "nm": "Group 1",
            "np": 4,
            "cix": 2,
            "ix": 1,
            "mn": "ADBE Vector Group",
            "hd": false
          }
        ],
        "ip": 0,
        "op": 240,
        "st": 0,
        "bm": 0
      },
      {
        "ddd": 0,
        "ind": 11,
        "ty": 4,
        "nm": "icon Outlines",
        "sr": 1,
        "ks": {
          "o": {
            "a": 0,
            "k": 100,
            "ix": 11
          },
          "r": {
            "a": 0,
            "k": 0,
            "ix": 10
          },
          "p": {
            "a": 1,
            "k": [
              {
                "i": {
                  "x": 0,
                  "y": 1
                },
                "o": {
                  "x": 0.333,
                  "y": 0
                },
                "n": "0_1_0p333_0",
                "t": 0,
                "s": [
                  312.447,
                  881.1309999999999,
                  0
                ],
                "e": [
                  1126.447,
                  1344.131,
                  0
                ],
                "to": [
                  135.66667175293,
                  77.1666641235352,
                  0
                ],
                "ti": [
                  0,
                  0,
                  0
                ]
              },
              {
                "i": {
                  "x": 0,
                  "y": 1
                },
                "o": {
                  "x": 0.333,
                  "y": 0
                },
                "n": "0_1_0p333_0",
                "t": 48,
                "s": [
                  1126.447,
                  1344.131,
                  0
                ],
                "e": [
                  312.447,
                  881.131,
                  0
                ],
                "to": [
                  0,
                  0,
                  0
                ],
                "ti": [
                  135.66667175293,
                  77.1666641235352,
                  0
                ]
              },
              {
                "t": 72
              }
            ],
            "ix": 2,
            "x": "var $bm_rt;\n$bm_rt = loopOut();"
          },
          "a": {
            "a": 0,
            "k": [
              228.852,
              235.125,
              0
            ],
            "ix": 1
          },
          "s": {
            "a": 1,
            "k": [
              {
                "i": {
                  "x": [
                    0,
                    0,
                    0.667
                  ],
                  "y": [
                    1,
                    1,
                    1
                  ]
                },
                "o": {
                  "x": [
                    0.333,
                    0.333,
                    0.333
                  ],
                  "y": [
                    -0.19,
                    -0.19,
                    0
                  ]
                },
                "n": [
                  "0_1_0p333_-0p19",
                  "0_1_0p333_-0p19",
                  "0p667_1_0p333_0"
                ],
                "t": 0,
                "s": [
                  93,
                  93,
                  100
                ],
                "e": [
                  100,
                  100,
                  100
                ]
              },
              {
                "i": {
                  "x": [
                    0,
                    0,
                    0.667
                  ],
                  "y": [
                    0.857,
                    0.857,
                    1
                  ]
                },
                "o": {
                  "x": [
                    0.333,
                    0.333,
                    0.333
                  ],
                  "y": [
                    0,
                    0,
                    0
                  ]
                },
                "n": [
                  "0_0p857_0p333_0",
                  "0_0p857_0p333_0",
                  "0p667_1_0p333_0"
                ],
                "t": 48,
                "s": [
                  100,
                  100,
                  100
                ],
                "e": [
                  93,
                  93,
                  100
                ]
              },
              {
                "t": 72
              }
            ],
            "ix": 6,
            "x": "var $bm_rt;\n$bm_rt = loopOut();"
          }
        },
        "ao": 0,
        "shapes": [
          {
            "ty": "gr",
            "it": [
              {
                "ind": 0,
                "ty": "sh",
                "ix": 1,
                "ks": {
                  "a": 0,
                  "k": {
                    "i": [
                      [
                        8.778,
                        -12.607
                      ],
                      [
                        45.515,
                        71.352
                      ],
                      [
                        -16.245,
                        20.404
                      ],
                      [
                        -30.52,
                        -8.541
                      ]
                    ],
                    "o": [
                      [
                        -10.637,
                        15.286
                      ],
                      [
                        -16.327,
                        -25.832
                      ],
                      [
                        9.03,
                        -11.34
                      ],
                      [
                        87.052,
                        18.496
                      ]
                    ],
                    "v": [
                      [
                        75.766,
                        39.853
                      ],
                      [
                        -47.237,
                        10.266
                      ],
                      [
                        -78.617,
                        -70.278
                      ],
                      [
                        7.811,
                        -54.106
                      ]
                    ],
                    "c": true
                  },
                  "ix": 2
                },
                "nm": "Path 1",
                "mn": "ADBE Vector Shape - Group",
                "hd": false
              },
              {
                "ty": "fl",
                "c": {
                  "a": 0,
                  "k": [
                    0.592156862745098,
                    0.03137254901960784,
                    0.10196078431372549,
                    1
                  ],
                  "ix": 4
                },
                "o": {
                  "a": 0,
                  "k": 100,
                  "ix": 5
                },
                "r": 1,
                "nm": "Fill 1",
                "mn": "ADBE Vector Graphic - Fill",
                "hd": false
              },
              {
                "ty": "tr",
                "p": {
                  "a": 0,
                  "k": [
                    362.591,
                    327.216
                  ],
                  "ix": 2
                },
                "a": {
                  "a": 0,
                  "k": [
                    0,
                    0
                  ],
                  "ix": 1
                },
                "s": {
                  "a": 0,
                  "k": [
                    100,
                    100
                  ],
                  "ix": 3
                },
                "r": {
                  "a": 0,
                  "k": 0,
                  "ix": 6
                },
                "o": {
                  "a": 0,
                  "k": 100,
                  "ix": 7
                },
                "sk": {
                  "a": 0,
                  "k": 0,
                  "ix": 4
                },
                "sa": {
                  "a": 0,
                  "k": 0,
                  "ix": 5
                },
                "nm": "Transform"
              }
            ],
            "nm": "Group 1",
            "np": 4,
            "cix": 2,
            "ix": 1,
            "mn": "ADBE Vector Group",
            "hd": false
          },
          {
            "ty": "gr",
            "it": [
              {
                "ind": 0,
                "ty": "sh",
                "ix": 1,
                "ks": {
                  "a": 0,
                  "k": {
                    "i": [
                      [
                        22.961,
                        -28.839
                      ],
                      [
                        270.713,
                        171.872
                      ],
                      [
                        -44.659,
                        56.09
                      ],
                      [
                        -97.27,
                        -77.446
                      ],
                      [
                        -17.723,
                        -42.655
                      ]
                    ],
                    "o": [
                      [
                        -44.659,
                        56.09
                      ],
                      [
                        -104.968,
                        -66.642
                      ],
                      [
                        44.658,
                        -56.09
                      ],
                      [
                        47.258,
                        37.627
                      ],
                      [
                        18.757,
                        45.141
                      ]
                    ],
                    "v": [
                      [
                        11.193,
                        -34.458
                      ],
                      [
                        -69.954,
                        63.003
                      ],
                      [
                        -165.215,
                        -178.785
                      ],
                      [
                        91.769,
                        -140.116
                      ],
                      [
                        191.116,
                        -14.936
                      ]
                    ],
                    "c": true
                  },
                  "ix": 2
                },
                "nm": "Path 1",
                "mn": "ADBE Vector Shape - Group",
                "hd": false
              },
              {
                "ty": "fl",
                "c": {
                  "a": 0,
                  "k": [
                    0.592156862745098,
                    0.03137254901960784,
                    0.10196078431372549,
                    1
                  ],
                  "ix": 4
                },
                "o": {
                  "a": 0,
                  "k": 100,
                  "ix": 5
                },
                "r": 1,
                "nm": "Fill 1",
                "mn": "ADBE Vector Graphic - Fill",
                "hd": false
              },
              {
                "ty": "tr",
                "p": {
                  "a": 0,
                  "k": [
                    210.123,
                    235.125
                  ],
                  "ix": 2
                },
                "a": {
                  "a": 0,
                  "k": [
                    0,
                    0
                  ],
                  "ix": 1
                },
                "s": {
                  "a": 0,
                  "k": [
                    100,
                    100
                  ],
                  "ix": 3
                },
                "r": {
                  "a": 0,
                  "k": 0,
                  "ix": 6
                },
                "o": {
                  "a": 0,
                  "k": 100,
                  "ix": 7
                },
                "sk": {
                  "a": 0,
                  "k": 0,
                  "ix": 4
                },
                "sa": {
                  "a": 0,
                  "k": 0,
                  "ix": 5
                },
                "nm": "Transform"
              }
            ],
            "nm": "Group 2",
            "np": 4,
            "cix": 2,
            "ix": 2,
            "mn": "ADBE Vector Group",
            "hd": false
          }
        ],
        "ip": 0,
        "op": 240,
        "st": 0,
        "bm": 0
      },
      {
        "ddd": 0,
        "ind": 13,
        "ty": 4,
        "nm": "soleextension Outlines",
        "sr": 1,
        "ks": {
          "o": {
            "a": 0,
            "k": 100,
            "ix": 11
          },
          "r": {
            "a": 0,
            "k": 0,
            "ix": 10
          },
          "p": {
            "a": 1,
            "k": [
              {
                "i": {
                  "x": 0,
                  "y": 1
                },
                "o": {
                  "x": 0.333,
                  "y": 0
                },
                "n": "0_1_0p333_0",
                "t": 0,
                "s": [
                  1513.647,
                  2402.418,
                  0
                ],
                "e": [
                  1843.647,
                  2122.418,
                  0
                ],
                "to": [
                  55,
                  -46.6666679382324,
                  0
                ],
                "ti": [
                  0,
                  0,
                  0
                ]
              },
              {
                "i": {
                  "x": 0,
                  "y": 1
                },
                "o": {
                  "x": 0.333,
                  "y": 0
                },
                "n": "0_1_0p333_0",
                "t": 48,
                "s": [
                  1843.647,
                  2122.418,
                  0
                ],
                "e": [
                  1513.647,
                  2402.418,
                  0
                ],
                "to": [
                  0,
                  0,
                  0
                ],
                "ti": [
                  55,
                  -46.6666679382324,
                  0
                ]
              },
              {
                "t": 72
              }
            ],
            "ix": 2,
            "x": "var $bm_rt;\n$bm_rt = loopOut();"
          },
          "a": {
            "a": 0,
            "k": [
              602.485,
              218.745,
              0
            ],
            "ix": 1
          },
          "s": {
            "a": 0,
            "k": [
              100,
              100,
              100
            ],
            "ix": 6
          }
        },
        "ao": 0,
        "shapes": [
          {
            "ty": "gr",
            "it": [
              {
                "ind": 0,
                "ty": "sh",
                "ix": 1,
                "ks": {
                  "a": 0,
                  "k": {
                    "i": [
                      [
                        -14.158,
                        -26.73
                      ],
                      [
                        58.6,
                        -58.6
                      ],
                      [
                        144.021,
                        -33.01
                      ],
                      [
                        120.021,
                        27.01
                      ],
                      [
                        42,
                        168.02
                      ],
                      [
                        7.23,
                        20.41
                      ],
                      [
                        -210.72,
                        35.62
                      ],
                      [
                        -75.991,
                        36.719
                      ]
                    ],
                    "o": [
                      [
                        -75.65,
                        -8.63
                      ],
                      [
                        -60.011,
                        60.01
                      ],
                      [
                        -141.009,
                        15
                      ],
                      [
                        -105.009,
                        -6
                      ],
                      [
                        -5.21,
                        -20.84
                      ],
                      [
                        236.47,
                        226.38
                      ],
                      [
                        34.5,
                        -39
                      ],
                      [
                        145.493,
                        -55.498
                      ]
                    ],
                    "v": [
                      [
                        602.235,
                        -10.135
                      ],
                      [
                        403.655,
                        35.475
                      ],
                      [
                        229.634,
                        203.495
                      ],
                      [
                        -139.406,
                        170.485
                      ],
                      [
                        -583.435,
                        -156.545
                      ],
                      [
                        -602.235,
                        -218.495
                      ],
                      [
                        317.165,
                        6.635
                      ],
                      [
                        444.084,
                        -83.363
                      ]
                    ],
                    "c": true
                  },
                  "ix": 2
                },
                "nm": "Path 1",
                "mn": "ADBE Vector Shape - Group",
                "hd": false
              },
              {
                "ty": "fl",
                "c": {
                  "a": 0,
                  "k": [
                    0.6274509803921569,
                    0.6274509803921569,
                    0.6274509803921569,
                    1
                  ],
                  "ix": 4
                },
                "o": {
                  "a": 0,
                  "k": 100,
                  "ix": 5
                },
                "r": 1,
                "nm": "Fill 1",
                "mn": "ADBE Vector Graphic - Fill",
                "hd": false
              },
              {
                "ty": "tr",
                "p": {
                  "a": 0,
                  "k": [
                    602.485,
                    218.745
                  ],
                  "ix": 2
                },
                "a": {
                  "a": 0,
                  "k": [
                    0,
                    0
                  ],
                  "ix": 1
                },
                "s": {
                  "a": 0,
                  "k": [
                    100,
                    100
                  ],
                  "ix": 3
                },
                "r": {
                  "a": 0,
                  "k": 0,
                  "ix": 6
                },
                "o": {
                  "a": 0,
                  "k": 100,
                  "ix": 7
                },
                "sk": {
                  "a": 0,
                  "k": 0,
                  "ix": 4
                },
                "sa": {
                  "a": 0,
                  "k": 0,
                  "ix": 5
                },
                "nm": "Transform"
              }
            ],
            "nm": "Group 1",
            "np": 4,
            "cix": 2,
            "ix": 1,
            "mn": "ADBE Vector Group",
            "hd": false
          }
        ],
        "ip": 0,
        "op": 240,
        "st": 0,
        "bm": 0
      },
      {
        "ddd": 0,
        "ind": 15,
        "ty": 4,
        "nm": "body Outlines",
        "sr": 1,
        "ks": {
          "o": {
            "a": 0,
            "k": 100,
            "ix": 11
          },
          "r": {
            "a": 0,
            "k": 0,
            "ix": 10
          },
          "p": {
            "a": 0,
            "k": [
              1500.439,
              1500.998,
              0
            ],
            "ix": 2
          },
          "a": {
            "a": 0,
            "k": [
              985.25,
              949.25,
              0
            ],
            "ix": 1
          },
          "s": {
            "a": 0,
            "k": [
              100,
              100,
              100
            ],
            "ix": 6
          }
        },
        "ao": 0,
        "shapes": [
          {
            "ty": "gr",
            "it": [
              {
                "ind": 0,
                "ty": "sh",
                "ix": 1,
                "ks": {
                  "a": 0,
                  "k": {
                    "i": [
                      [
                        14,
                        -76
                      ],
                      [
                        0,
                        -8
                      ],
                      [
                        32,
                        -166
                      ],
                      [
                        -22,
                        -106
                      ],
                      [
                        -22,
                        -26
                      ],
                      [
                        -42,
                        -88
                      ],
                      [
                        -54,
                        -12
                      ],
                      [
                        0,
                        0
                      ],
                      [
                        -106,
                        -22
                      ],
                      [
                        -36,
                        -66
                      ],
                      [
                        -66,
                        -24
                      ],
                      [
                        -62,
                        0
                      ],
                      [
                        -86,
                        2
                      ],
                      [
                        0,
                        0
                      ],
                      [
                        -144,
                        36
                      ],
                      [
                        -18,
                        58
                      ],
                      [
                        -24,
                        8.448
                      ],
                      [
                        -148,
                        82
                      ],
                      [
                        46,
                        50
                      ],
                      [
                        72,
                        -10
                      ],
                      [
                        62,
                        54
                      ],
                      [
                        124,
                        78
                      ],
                      [
                        54,
                        44
                      ],
                      [
                        92,
                        128
                      ],
                      [
                        24,
                        42
                      ],
                      [
                        48,
                        46
                      ],
                      [
                        24,
                        32
                      ],
                      [
                        0,
                        0
                      ],
                      [
                        28,
                        96
                      ],
                      [
                        0,
                        0
                      ],
                      [
                        44,
                        -36
                      ],
                      [
                        45,
                        18
                      ],
                      [
                        54,
                        -6
                      ],
                      [
                        22,
                        6
                      ],
                      [
                        44,
                        -22
                      ]
                    ],
                    "o": [
                      [
                        0,
                        0
                      ],
                      [
                        0,
                        8
                      ],
                      [
                        -170,
                        228
                      ],
                      [
                        10,
                        18
                      ],
                      [
                        18,
                        40
                      ],
                      [
                        22,
                        14
                      ],
                      [
                        22,
                        14
                      ],
                      [
                        0,
                        0
                      ],
                      [
                        106,
                        22
                      ],
                      [
                        36,
                        66
                      ],
                      [
                        0,
                        68
                      ],
                      [
                        18,
                        90
                      ],
                      [
                        26,
                        0.088
                      ],
                      [
                        0,
                        0
                      ],
                      [
                        56,
                        50
                      ],
                      [
                        36,
                        37.521
                      ],
                      [
                        36,
                        4.242
                      ],
                      [
                        112,
                        -116
                      ],
                      [
                        0,
                        0
                      ],
                      [
                        -86,
                        -62
                      ],
                      [
                        -62,
                        -54
                      ],
                      [
                        -34,
                        -44
                      ],
                      [
                        -10,
                        -55.556
                      ],
                      [
                        -38,
                        -128
                      ],
                      [
                        -18,
                        -14
                      ],
                      [
                        0,
                        0
                      ],
                      [
                        0,
                        0
                      ],
                      [
                        0,
                        0
                      ],
                      [
                        -44,
                        -64
                      ],
                      [
                        0,
                        0
                      ],
                      [
                        -76,
                        -42
                      ],
                      [
                        -25,
                        -23.744
                      ],
                      [
                        -24.412,
                        4.817
                      ],
                      [
                        -22,
                        -6
                      ],
                      [
                        -44,
                        22
                      ]
                    ],
                    "v": [
                      [
                        -595,
                        -795
                      ],
                      [
                        -677,
                        -709
                      ],
                      [
                        -815,
                        -537
                      ],
                      [
                        -917,
                        -209
                      ],
                      [
                        -855,
                        -137
                      ],
                      [
                        -809,
                        -39
                      ],
                      [
                        -733,
                        -7
                      ],
                      [
                        -687,
                        51
                      ],
                      [
                        -553,
                        99
                      ],
                      [
                        -455,
                        423
                      ],
                      [
                        -363,
                        523
                      ],
                      [
                        -259,
                        677
                      ],
                      [
                        -63,
                        797
                      ],
                      [
                        15,
                        855
                      ],
                      [
                        197,
                        865
                      ],
                      [
                        435,
                        891
                      ],
                      [
                        523,
                        921.446
                      ],
                      [
                        795,
                        861
                      ],
                      [
                        939,
                        599
                      ],
                      [
                        855,
                        521
                      ],
                      [
                        685,
                        395
                      ],
                      [
                        479,
                        219
                      ],
                      [
                        387,
                        121
                      ],
                      [
                        281,
                        -107
                      ],
                      [
                        223,
                        -279
                      ],
                      [
                        187,
                        -379
                      ],
                      [
                        185,
                        -441
                      ],
                      [
                        185,
                        -465
                      ],
                      [
                        221,
                        -665
                      ],
                      [
                        87,
                        -735
                      ],
                      [
                        -79,
                        -689
                      ],
                      [
                        -226,
                        -915
                      ],
                      [
                        -321,
                        -937
                      ],
                      [
                        -369,
                        -921
                      ],
                      [
                        -499,
                        -927
                      ]
                    ],
                    "c": true
                  },
                  "ix": 2
                },
                "nm": "Path 1",
                "mn": "ADBE Vector Shape - Group",
                "hd": false
              },
              {
                "ty": "fl",
                "c": {
                  "a": 0,
                  "k": [
                    0.25882352941176473,
                    0.25882352941176473,
                    0.25882352941176473,
                    1
                  ],
                  "ix": 4
                },
                "o": {
                  "a": 0,
                  "k": 100,
                  "ix": 5
                },
                "r": 1,
                "nm": "Fill 1",
                "mn": "ADBE Vector Graphic - Fill",
                "hd": false
              },
              {
                "ty": "tr",
                "p": {
                  "a": 0,
                  "k": [
                    985.25,
                    949.25
                  ],
                  "ix": 2
                },
                "a": {
                  "a": 0,
                  "k": [
                    0,
                    0
                  ],
                  "ix": 1
                },
                "s": {
                  "a": 0,
                  "k": [
                    100,
                    100
                  ],
                  "ix": 3
                },
                "r": {
                  "a": 0,
                  "k": 0,
                  "ix": 6
                },
                "o": {
                  "a": 0,
                  "k": 100,
                  "ix": 7
                },
                "sk": {
                  "a": 0,
                  "k": 0,
                  "ix": 4
                },
                "sa": {
                  "a": 0,
                  "k": 0,
                  "ix": 5
                },
                "nm": "Transform"
              }
            ],
            "nm": "Group 1",
            "np": 4,
            "cix": 2,
            "ix": 1,
            "mn": "ADBE Vector Group",
            "hd": false
          }
        ],
        "ip": 0,
        "op": 240,
        "st": 0,
        "bm": 0
      }
    ],
    "markers": [
      
    ]
  }